<?xml version="1.0" encoding="UTF-8"?>
<archive xmlns="http://rs.tdwg.org/dwc/text/" xmlns:xsi="http://www.w3.org/2001/XMLSchema-instance" xsi:schemaLocation="http://rs.tdwg.org/dwc/text/  http://rs.tdwg.org/dwc/text/tdwg_dwc_text.xsd">
  <core encoding="UTF-8" fieldsTerminatedBy="\t" linesTerminatedBy="\n" ignoreHeaderLines="1" rowType="http://rs.tdwg.org/dwc/terms/Occurrence">
    <files>
      <location>occurrences.txt</location>
    </files>
    <id index="0"/>
    <field index="0" term="http://rs.tdwg.org/dwc/terms/occurrenceID"/>
    <field index="1" term="http://rs.tdwg.org/dwc/terms/datasetID"/>
    <field index="2" term="http://rs.tdwg.org/dwc/terms/scientificName"/>
    <field index="3" term="http://rs.tdwg.org/dwc/terms/taxonID"/>
    <field index="4" term="http://rs.tdwg.org/dwc/terms/basisOfRecord"/>
    <field index="5" term="http://rs.tdwg.org/dwc/terms/island"/>
    <field index="6" term="http://rs.tdwg.org/dwc/terms/locality"/>
    <field index="7" term="http://rs.tdwg.org/dwc/terms/verbatimLatitude"/>
    <field index="8" term="http://rs.tdwg.org/dwc/terms/verbatimLongitude"/>
    <field index="9" term="http://rs.tdwg.org/dwc/terms/decimalLatitude"/>
    <field index="10" term="http://rs.tdwg.org/dwc/terms/decimalLongitude"/>
    <field index="11" term="http://rs.tdwg.org/dwc/terms/associatedSequences"/>
    <field index="12" term="http://rs.tdwg.org/dwc/terms/associatedReferences"/>
  </core>
</archive>
